entreprise;contact;fonction;telephone;email;site;adresse;ville;categorie;mots_cles;notes;date
WAGO Contact SA;Christophe Aebi;Area Sales Manager Building;+41 26 676 74 06;christophe.aebi@wago.com;www.wago.ch;Route de l'Industrie 19;1564 Domdidier (CH);Électrotechnique;"building; bâtiment; technique commerciale; suisse";"Note manuscrite : ""Building / Bâtiment — technique commerciale"".
Standard : +41 26 676 75 00
Customer Support : 0840 300 750 — support.ch@wago.com
Customer Service : 0840 200 750 — salesservice.ch@wago.com
Commandes : order.ch@wago.com";23/07/2026
WAGO Contact SA;Alain Stucki;Sales & Project Engineer;+41 26 676 77 54;alain.stucki@wago.com;www.wago.ch;Route de l'Industrie 19;1564 Domdidier (CH);Électrotechnique;"énergie; concept technique; suisse";"Note manuscrite : ""Énergie -> concept technique"".
Standard : +41 26 676 75 00
Customer Support : 0840 300 750 — support.ch@wago.com
Customer Service : 0840 200 750 — salesservice.ch@wago.com
Commandes : order.ch@wago.com";23/07/2026
